[
  {
    "signatures": [
      {
        "signature": "sha256:ac85715fdf40a162d4b360b962a14d64a373535d002c04e4b24dfa51aeaa4b01",
        "filename": "ThaumicExploration-1.7.10-1.1-53.jar"
      },
      {
        "signature": "sha256:e9e21233023229dfc6ec83dcbf8f95bccd879cbcd3aea755a7a6943412a68cc3",
        "filename": "StorageDrawers-Misc-1.7.10-1.1.2.jar"
      },
      {
        "signature": "sha256:ca23ac5a138e4fb239c1343960465cf5a958cc238516f54be9f1831f3751bd69",
        "filename": "ForgeMultipart-1.7.10-1.1.2.331-universal.jar"
      },
      {
        "signature": "sha256:a46e14f4e6073fb7cf1f139826bf36c93a94a459ef10c103f0b0bf68ef0013b4",
        "filename": "Mariculture-Deluxe-1.7.10-1.2.4.2a.jar"
      },
      {
        "signature": "sha256:a33df3ad76d7d7c87deb2da90a8e5ad13cc17987a5b3597c0b3ecca51345f3fe",
        "filename": "GraveStone-2.16.1.jar"
      },
      {
        "signature": "sha256:0d5c679e23e9304355cbe7e3ababe0f8140c7f7d8fd2a29e45b985b9aac590e4",
        "filename": "appliedenergistics2-rv2-stable-10.jar"
      },
      {
        "signature": "sha256:3b8af893c22fc9d0a2c8e66923bceecc7835ca851f1859fedc304568931c3ae5",
        "filename": "neiaddons-1.12.14.40-mc1.7.10.jar"
      },
      {
        "signature": "sha256:af168f67ea58a05664a43104bca81bd57ee8c7a0f292ebe14cd310c469bbfd15",
        "filename": "Enchiridion 2-1.7.10-2.0.2a.jar"
      },
      {
        "signature": "sha256:3451a1ffc42159e87ba4f15bdc6aeafb336ebb40f5c40f5a839ac9e4378218bc",
        "filename": "BetterBuildersWands-0.8.1-1.7.10r92+aec06c3.jar"
      },
      {
        "signature": "sha256:20d3c6ab0961545853207d263132788dde7198e9b9856a3abcd289c05691d1d5",
        "filename": "Railcraft_1.7.10-9.12.2.0.jar"
      },
      {
        "signature": "sha256:794e33c0af98ecd78bf4c2567c8eb4cbe5c6d1db13ce8b1702df83288cabe606",
        "filename": "binnie-mods-2.0-pre14.jar"
      },
      {
        "signature": "sha256:d39e6c8fc27709b04d58ec4c1b625648776dbf01cdf7af2d51388ee215d5d4e8",
        "filename": "thaumcraftneiplugin-1.7.10-1.7a.jar"
      },
      {
        "signature": "sha256:8d2f17b901d7ace91e2004a357c1408edc8e181394d82f453e0f2be7ca75f1cf",
        "filename": "EnderZoo-1.7.10-1.0.15.32.jar"
      },
      {
        "signature": "sha256:3ab1fa00f3d3169d27830db42305eda8aaea0c5705af47ce169c5a50b8b76ee4",
        "filename": "Jabba-1.2.2_1.7.10.jar"
      },
      {
        "signature": "sha256:924d98cb9f37b2ebd0fe35590f4bebab18ed1987bdd09dc5ca8ab9244ae2b6b0",
        "filename": "TCBotaniaExoflame-1.7.10-1.4.jar"
      },
      {
        "signature": "sha256:5fca136503f86ecc6cb61fbd17b137d59e56b45c7a5494e6b8fd3cabd4697fbd",
        "filename": "commons-compress-1.8.1.jar"
      },
      {
        "signature": "sha256:e9efe1b87b09a06c90ef20550586280dc23cd886b6ee53ddb62aca00a32df3af",
        "filename": "CreeperCollateral-[1.7.10]1.0.0B3-15.jar"
      },
      {
        "signature": "sha256:4c1d78e0adee1754675d93ffbadc8c9fe205710cb77538b953e57810f9528efc",
        "filename": "Automagy-1.7.10-0.28.2.jar"
      },
      {
        "signature": "sha256:68c331f624cea6c0827a31e96a6dce2e75461227c42da70f11ba765a8c6a8cec",
        "filename": "witchery-1.7.10-0.24.1.jar"
      },
      {
        "signature": "sha256:c6dedaaae56dc63d224e1f3ac58e540fb61d2b98da4ad7e53fd98c24d728c7fb",
        "filename": "IguanaTinkerTweaks-1.7.10-2.1.6.jar"
      },
      {
        "signature": "sha256:a1cfba20d02ea5ba5f5a646a85caca9e23aca777f4ed47707657bc0f83a45831",
        "filename": "GardenStuff-1.7.10-1.7.0.jar"
      },
      {
        "signature": "sha256:d0359053d4f8299509889d6b3632b06bdc11251b93af8aa4385b08f435316439",
        "filename": "Guide-API-1.7.10-1.0.1-20.jar"
      },
      {
        "signature": "sha256:fabf27155900716ec8bea8d836f6bab7a49eb40b29de8673095425e223650b3b",
        "filename": "ClimateControl-0.8.2.jar"
      },
      {
        "signature": "sha256:dee791c989e12cda1a32cb65081e24d40d727b9b6d99a38750fe6b9478983669",
        "filename": "ModTweaker2-0.9.6.jar"
      },
      {
        "signature": "sha256:59788ba4dc3dcaef029a41b4edff9c65a1161841121a61a7c4e5f8d36ac9c5e5",
        "filename": "ExtraTiC-1.7.10-1.4.6.jar"
      },
      {
        "signature": "sha256:3dba9786966974701578a658d1bb369bf35bdf5f363079f5ac9c4910a39113be",
        "filename": "Thaumcraft-1.7.10-4.2.3.5.jar"
      },
      {
        "signature": "sha256:eda03c0c76118094ae54dfcec024e34b53e523acb5c6889f091a4509471afc04",
        "filename": "Mantle-1.7.10-0.3.2b.jar"
      },
      {
        "signature": "sha256:baff60b4ccd018f854b3b3a063a4a3107b9d5ebc76077274a95587a9ba70fbea",
        "filename": "StorageDrawers-Forestry-1.7.10-1.1.2.jar"
      },
      {
        "signature": "sha256:281650007c07c5820406c9cb6a6ed9e8b178d89719a8f74fa40616e329a5fce0",
        "filename": "YuutoLib-1.7.10-1.0.3.jar"
      },
      {
        "signature": "sha256:f1d18b48d56f25e8ca0fb6255fdc26350a4a725ebe97734b9fae8ae490335b50",
        "filename": "LambdaLib-1.2.3.jar"
      },
      {
        "signature": "sha256:acd2c1e4cd9ffe2f6e5d6c31c0b60dcee2afe474c80e232e5293ae2cf741c5fe",
        "filename": "craftingtweaks-mc1.7.10-1.0.82.jar"
      },
      {
        "signature": "sha256:83d743618f931726efcbc0244d63467c5563db1ddbc99aa80b23cb4b995adbd5",
        "filename": "magicalcrops-1.7.10_0.1.jar"
      },
      {
        "signature": "sha256:dea5913e44c0d6165ad745ba2f803cd38b2258c919e0902230d15e949df9c2b6",
        "filename": "CodeChickenCore-1.7.10-1.0.7.46-universal.jar"
      },
      {
        "signature": "sha256:d818df4be7b373392c643fa453d17f6f2fa07ba7d1043c25e21da9e9a6679051",
        "filename": "Chisel2-2.5.1.44.jar"
      },
      {
        "signature": "sha256:8772f727448b8c68785331ae051cb5d80ac6ade14b36646eed101f621356b1b1",
        "filename": "OpenEye-0.6-1.7.10.jar"
      },
      {
        "signature": "sha256:bdebf1569584106c11e8ab137ddaf2ab10c2b3c1c8f1be0020b5c7dbb2ca2135",
        "filename": "forestry_1.7.10-4.2.16.64.jar"
      },
      {
        "signature": "sha256:9bf5f1509c3c7fb5147caf6b2adecb76ac08252092075aa6177cc30e2bba5907",
        "filename": "supercraftingframe-1.7.10.3.jar"
      },
      {
        "signature": "sha256:89fb51cf176e5460f8fdd5076655ee620f76b17da1f7f3a15d12e4bd9778817e",
        "filename": "natura-1.7.10-2.2.1a2.jar"
      },
      {
        "signature": "sha256:44423d7c43bde9274e1dbc1b00d6bd14ec7cb2572326eeefa9c6dd6fab47930b",
        "filename": "Waila-1.5.10_1.7.10.jar"
      },
      {
        "signature": "sha256:182cbb67db9de205ebaea9e2c986eca372060ac7acdce593aa5fb14a1af90a44",
        "filename": "WitchingGadgets-1.7.10-1.1.10.jar"
      },
      {
        "signature": "sha256:bc95c7e9c9577d1ba0feebf183fbad5572d959fdf701c720de61e2b194936f64",
        "filename": "companions-1.2.jar"
      },
      {
        "signature": "sha256:3b98f866c53bcd44f681c15723a07b12b68f655b7966cb5e6135044377b66fdc",
        "filename": "millenaire-6.0.0.jar"
      },
      {
        "signature": "sha256:cf3a13fbd189f78048d7362671fb2cb54114d9f84ce248e12596141df4574688",
        "filename": "ChiselFacades-1.7.10-2.11-cricket.jar"
      },
      {
        "signature": "sha256:bfb3d413e67222c146a82e0e53a96024424c50a543655bbe0e4395a16046b4ff",
        "filename": "BiblioWoods[Natura][v1.5].jar"
      },
      {
        "signature": "sha256:231a8fbffba0980af44471dd8801190375462e2d5a4331a071ba7b823810147d",
        "filename": "INpureCore-[1.7.10]1.0.0B9-62.jar"
      },
      {
        "signature": "sha256:3ebbc2f82b61812aa158375005a47da4d450bec870860fcbf015a64de74cde1c",
        "filename": "NotEnoughItems-1.7.10-1.0.5.120-universal.jar"
      },
      {
        "signature": "sha256:de2464b67967b2315cc41b323942d4dd36f4ee65a4808fc8373f1e67a351fcd7",
        "filename": "magicbees-1.7.10-2.4.3.jar"
      },
      {
        "signature": "sha256:0ace9823b7ea35adbcce57b5d674dff238650f77639eaaaee67851eee775730b",
        "filename": "buildcraft-compat-7.1.5.jar"
      },
      {
        "signature": "sha256:281650007c07c5820406c9cb6a6ed9e8b178d89719a8f74fa40616e329a5fce0",
        "filename": "YuutoLib-1.7.10-1.0.3.jar"
      },
      {
        "signature": "sha256:ded13b173b2e2abec12870b5b38d19dd3a25a14161c9699c925878ef12ccdd4a",
        "filename": "NetherOres-[1.7.10]2.3.1-22.jar"
      },
      {
        "signature": "sha256:fd960e10df4f9d4737393596361571f54abb7fa6177855bfc825b7babb8f2f26",
        "filename": "buildcraft-7.1.19.jar"
      },
      {
        "signature": "sha256:c8e7533719d3e6b769fdadb08f7dacdd56dcc555c882db80a99107c49c1740ed",
        "filename": "Ruins-1.7.10.jar"
      },
      {
        "signature": "sha256:1c1ee41a6c92823e3ed35e9e607074d4cbc37cea5e88d8789a177dfbe4160cdf",
        "filename": "accidentallycircumstantialevents-1.12.10.jar"
      },
      {
        "signature": "sha256:63d003fac7b4ff3ed777add18e00dd9e77eca596988d1aca9a0adc31a017e4ec",
        "filename": "MekanismGenerators-1.7.10-9.1.0.281.jar"
      },
      {
        "signature": "sha256:0e9ba9404b86ab038d6523dc0c92d7c901494eed7124289ff9cfd6715e08c245",
        "filename": "extrabiomesxl_1.7.10-3.16.4.jar"
      },
      {
        "signature": "sha256:bc4e2143ec4b0cdb7da624c2e13688a5fd40e2cd99e0628dbf1799d9cd0d7921",
        "filename": "CoFHCore-[1.7.10]3.1.3-327.jar"
      },
      {
        "signature": "sha256:619e200081b1724c186b7acca067cd995115843462b6bc4a0e49c2092362b3f0",
        "filename": "AgriCraft-1.7.10-1.5.0-Unofficial.jar"
      },
      {
        "signature": "sha256:123cf0872b16c3fb0044c3f34132e788ae57eee6f8591fc108a4a7bf29c1681b",
        "filename": "MobProperties-1.7.10-1.0.2.jar"
      },
      {
        "signature": "sha256:18d32981630cc0c4ec39196ebf7da883fc6d003696e104524d861a72b35a7468",
        "filename": "ArcaneArteries0.8.2.jar"
      },
      {
        "signature": "sha256:40d15125863944059941271fc57dcb5cddd84e31263dcc83a32910aa94b60ebd",
        "filename": "Quadrum-1.7.10-1.2.0.B13-universal.jar"
      },
      {
        "signature": "sha256:ad19d2601c3abf0b946b5c3a4113e226a8c1e3305e395b90013b78dd94a723ce",
        "filename": "commons-codec-1.9.jar"
      },
      {
        "signature": "sha256:ec3b8944833a80630c5da609d83f0fb4984abc3025020117a71c282cc5dd0f49",
        "filename": "AcademyCraft-1.0.6.jar"
      },
      {
        "signature": "sha256:9446e5a89235ff77801f57c3259c8486017567f57d7f53177816f68d6100dcb7",
        "filename": "BiblioCraft[v1.11.5][MC1.7.10].jar"
      },
      {
        "signature": "sha256:830e69776e015e8042711d1e3e3f7740bfa923850ae63b8a547aadd2efea22ea",
        "filename": "Sanguimancy-1.7.10-1.1.9-35.jar"
      },
      {
        "signature": "sha256:9dc538ee0deefe0b755138c59c321a06cd0eb3d9ca138c1a78325d4b92b23609",
        "filename": "SimilsaxTranstructors-1.7.10.15.jar"
      },
      {
        "signature": "sha256:8a361b19cec76210bec9455a221c6107e294f676699aa5c70a8818e92277baef",
        "filename": "EnhancedInventories-1.7.10-1.1.10.jar"
      },
      {
        "signature": "sha256:2d409b7879541ca5657d5190a56a31154553060f772c1cb93fd4f139b19e90b2",
        "filename": "squidless-1.7.10-0.6.1.jar"
      },
      {
        "signature": "sha256:05ae8f11b8f9012ebebbf179227b010829739c6284e30da5dd3db220ee682f8a",
        "filename": "Baubles-1.7.10-1.0.1.10.jar"
      },
      {
        "signature": "sha256:0fbe5d31f7c3a2b95e9fb94c2f79931259c4c482a1125c8e11ee2f841fc64586",
        "filename": "EnderCore-1.7.10-0.2.0.39_beta.jar"
      },
      {
        "signature": "sha256:4a0d192a34e7ef3e7af039f64dc6426bd0a5a343aae4dd1107b2043a616a77f7",
        "filename": "CodeChickenLib-1.7.10-1.1.3.138-universal.jar"
      },
      {
        "signature": "sha256:6b6f8693ad4fb4ce4de8de9a2bc9f8d5433f80b3e3bbdd227a1909c8c31ee938",
        "filename": "BloodMagic-1.7.10-1.3.3-17.jar"
      },
      {
        "signature": "sha256:8f7ddf60d19903c99b6e72f7ae52fad7484999e72affc6ff0559b0502ec7dfad",
        "filename": "tcinventoryscan-mc1.7.10-1.0.11.jar"
      },
      {
        "signature": "sha256:ff062152908e45fcd5351148f6ba48c144918a7fb362beaed15b1938414d1642",
        "filename": "BiblioWoods[ExtraBiomesXL][v1.4].jar"
      },
      {
        "signature": "sha256:f4bc72fb618cfcb682c4d8b63cd379daf8f3e75d784778a6b7a511ab786923df",
        "filename": "TravellersGear-1.7.10-1.16.6.jar"
      },
      {
        "signature": "sha256:056aef1c2971c783d7553b1b33ba411467dd2a263476b76c1325038e7ed5d079",
        "filename": "Botania r1.8-249.jar"
      },
      {
        "signature": "sha256:10bf00303354a6c1a32cee02f64c089739f09b0d4889614cc60ac502bd299fe2",
        "filename": "Bagginses-2.1.1.jar"
      },
      {
        "signature": "sha256:ac3d42a5fa4af8abab3482678e93c6f4a36a371e12baa9c4aad4e983b0257698",
        "filename": "Carpenter\u0027s Blocks v3.3.8.1 - MC 1.7.10.jar"
      },
      {
        "signature": "sha256:ba131a1fe64e385774df589661c0d165d77a9b4e1ad1bcccff8b0e725cc51ddb",
        "filename": "Mekanism-1.7.10-9.1.0.281.jar"
      },
      {
        "signature": "sha256:a7babc9d0698d8c4b963c328a2a2210cf1291915288d2e5f70b465e2cb053bcd",
        "filename": "StorageDrawers-1.7.10-1.10.8.jar"
      },
      {
        "signature": "sha256:6756b33668f0c63fd4a4b05ccbbd70e365f5e753b56cf07cc39d564e6e4fdced",
        "filename": "MineTweaker3-1.7.10-3.0.10B.jar"
      },
      {
        "signature": "sha256:3487ab666a9bfe708672fb6b7d36547923a63df3f9d6d19821c19137c5c10246",
        "filename": "BlockProperties-1.7.10-0.1.5.jar"
      },
      {
        "signature": "sha256:28aea728f1ac7c4f0165c3cdf11d367c140764841181c867c15bd35bc823bcc5",
        "filename": "gadomancy-1.7.10-1.0.7.3.jar"
      },
      {
        "signature": "sha256:97691ed534192e0efd34f27bce0e631a83b483db1462f1d62bf827d34244e380",
        "filename": "StorageDrawers-Natura-1.7.10-1.1.1.jar"
      },
      {
        "signature": "sha256:4a0d192a34e7ef3e7af039f64dc6426bd0a5a343aae4dd1107b2043a616a77f7",
        "filename": "CodeChickenLib-1.7.10-1.1.3.138-universal.jar"
      },
      {
        "signature": "sha256:ca2a50ff44063a7e77d2537805b730397e057a083f0d19fd0439f6f3cfa2f64b",
        "filename": "BiomeTweaker-1.7.10-2.0.182.jar"
      },
      {
        "signature": "sha256:9be90e398ed5259bcc090c6fda8d243f9f20eef53fe807be6c1993974ed39b81",
        "filename": "HQM-The Journey-4.4.4.jar"
      },
      {
        "signature": "sha256:d6b239a05a630cfb3b6de01fe14a8674ec14ef8fb34ea75d1ad45b79565d8636",
        "filename": "Forbidden Magic-1.7.10-0.575.jar"
      },
      {
        "signature": "sha256:ba135ddde2a34b07b623e4bb5465107ec886b2607590858facb3583c3608c04c",
        "filename": "Binnie Patcher 1.8.jar"
      },
      {
        "signature": "sha256:fe65c9a59ee1a4395f9372df3d373996f73b0dce70643b1eff5f7c3854d20444",
        "filename": "BloodArsenal-1.7.10-1.2-5.jar"
      },
      {
        "signature": "sha256:00d1ca02192c7efb87da95552ebf247021f1e1d642f86d0a03076314def11529",
        "filename": "forge-1.7.10-10.13.4.1614-1.7.10-universal.jar"
      },
      {
        "signature": "sha256:a718bc2c11e58cc92a8ad96d5c56b34c60b6176322b3dee8eff0f6e581877ec5",
        "filename": "TConstruct-1.7.10-1.8.8.jar"
      }
    ],
    "addedSignatures": [
      "sha256:de2464b67967b2315cc41b323942d4dd36f4ee65a4808fc8373f1e67a351fcd7",
      "sha256:ac3d42a5fa4af8abab3482678e93c6f4a36a371e12baa9c4aad4e983b0257698",
      "sha256:28aea728f1ac7c4f0165c3cdf11d367c140764841181c867c15bd35bc823bcc5",
      "sha256:18d32981630cc0c4ec39196ebf7da883fc6d003696e104524d861a72b35a7468",
      "sha256:ca2a50ff44063a7e77d2537805b730397e057a083f0d19fd0439f6f3cfa2f64b",
      "sha256:281650007c07c5820406c9cb6a6ed9e8b178d89719a8f74fa40616e329a5fce0",
      "sha256:fe65c9a59ee1a4395f9372df3d373996f73b0dce70643b1eff5f7c3854d20444",
      "sha256:bc4e2143ec4b0cdb7da624c2e13688a5fd40e2cd99e0628dbf1799d9cd0d7921",
      "sha256:e9efe1b87b09a06c90ef20550586280dc23cd886b6ee53ddb62aca00a32df3af",
      "sha256:3487ab666a9bfe708672fb6b7d36547923a63df3f9d6d19821c19137c5c10246",
      "sha256:ad19d2601c3abf0b946b5c3a4113e226a8c1e3305e395b90013b78dd94a723ce",
      "sha256:182cbb67db9de205ebaea9e2c986eca372060ac7acdce593aa5fb14a1af90a44",
      "sha256:dea5913e44c0d6165ad745ba2f803cd38b2258c919e0902230d15e949df9c2b6",
      "sha256:123cf0872b16c3fb0044c3f34132e788ae57eee6f8591fc108a4a7bf29c1681b",
      "sha256:056aef1c2971c783d7553b1b33ba411467dd2a263476b76c1325038e7ed5d079",
      "sha256:0d5c679e23e9304355cbe7e3ababe0f8140c7f7d8fd2a29e45b985b9aac590e4",
      "sha256:bc95c7e9c9577d1ba0feebf183fbad5572d959fdf701c720de61e2b194936f64",
      "sha256:d39e6c8fc27709b04d58ec4c1b625648776dbf01cdf7af2d51388ee215d5d4e8",
      "sha256:231a8fbffba0980af44471dd8801190375462e2d5a4331a071ba7b823810147d",
      "sha256:2d409b7879541ca5657d5190a56a31154553060f772c1cb93fd4f139b19e90b2",
      "sha256:9dc538ee0deefe0b755138c59c321a06cd0eb3d9ca138c1a78325d4b92b23609",
      "sha256:3b8af893c22fc9d0a2c8e66923bceecc7835ca851f1859fedc304568931c3ae5",
      "sha256:a1cfba20d02ea5ba5f5a646a85caca9e23aca777f4ed47707657bc0f83a45831",
      "sha256:5fca136503f86ecc6cb61fbd17b137d59e56b45c7a5494e6b8fd3cabd4697fbd",
      "sha256:bfb3d413e67222c146a82e0e53a96024424c50a543655bbe0e4395a16046b4ff",
      "sha256:a33df3ad76d7d7c87deb2da90a8e5ad13cc17987a5b3597c0b3ecca51345f3fe",
      "sha256:ac85715fdf40a162d4b360b962a14d64a373535d002c04e4b24dfa51aeaa4b01",
      "sha256:20d3c6ab0961545853207d263132788dde7198e9b9856a3abcd289c05691d1d5",
      "sha256:c8e7533719d3e6b769fdadb08f7dacdd56dcc555c882db80a99107c49c1740ed",
      "sha256:cf3a13fbd189f78048d7362671fb2cb54114d9f84ce248e12596141df4574688",
      "sha256:924d98cb9f37b2ebd0fe35590f4bebab18ed1987bdd09dc5ca8ab9244ae2b6b0",
      "sha256:3ebbc2f82b61812aa158375005a47da4d450bec870860fcbf015a64de74cde1c",
      "sha256:ec3b8944833a80630c5da609d83f0fb4984abc3025020117a71c282cc5dd0f49",
      "sha256:59788ba4dc3dcaef029a41b4edff9c65a1161841121a61a7c4e5f8d36ac9c5e5",
      "sha256:8772f727448b8c68785331ae051cb5d80ac6ade14b36646eed101f621356b1b1",
      "sha256:fd960e10df4f9d4737393596361571f54abb7fa6177855bfc825b7babb8f2f26",
      "sha256:9446e5a89235ff77801f57c3259c8486017567f57d7f53177816f68d6100dcb7",
      "sha256:8d2f17b901d7ace91e2004a357c1408edc8e181394d82f453e0f2be7ca75f1cf",
      "sha256:63d003fac7b4ff3ed777add18e00dd9e77eca596988d1aca9a0adc31a017e4ec",
      "sha256:ba135ddde2a34b07b623e4bb5465107ec886b2607590858facb3583c3608c04c",
      "sha256:3dba9786966974701578a658d1bb369bf35bdf5f363079f5ac9c4910a39113be",
      "sha256:af168f67ea58a05664a43104bca81bd57ee8c7a0f292ebe14cd310c469bbfd15",
      "sha256:0e9ba9404b86ab038d6523dc0c92d7c901494eed7124289ff9cfd6715e08c245",
      "sha256:9bf5f1509c3c7fb5147caf6b2adecb76ac08252092075aa6177cc30e2bba5907",
      "sha256:fabf27155900716ec8bea8d836f6bab7a49eb40b29de8673095425e223650b3b",
      "sha256:d6b239a05a630cfb3b6de01fe14a8674ec14ef8fb34ea75d1ad45b79565d8636",
      "sha256:d818df4be7b373392c643fa453d17f6f2fa07ba7d1043c25e21da9e9a6679051",
      "sha256:6b6f8693ad4fb4ce4de8de9a2bc9f8d5433f80b3e3bbdd227a1909c8c31ee938",
      "sha256:3451a1ffc42159e87ba4f15bdc6aeafb336ebb40f5c40f5a839ac9e4378218bc",
      "sha256:44423d7c43bde9274e1dbc1b00d6bd14ec7cb2572326eeefa9c6dd6fab47930b",
      "sha256:1c1ee41a6c92823e3ed35e9e607074d4cbc37cea5e88d8789a177dfbe4160cdf",
      "sha256:baff60b4ccd018f854b3b3a063a4a3107b9d5ebc76077274a95587a9ba70fbea",
      "sha256:a718bc2c11e58cc92a8ad96d5c56b34c60b6176322b3dee8eff0f6e581877ec5",
      "sha256:794e33c0af98ecd78bf4c2567c8eb4cbe5c6d1db13ce8b1702df83288cabe606",
      "sha256:ded13b173b2e2abec12870b5b38d19dd3a25a14161c9699c925878ef12ccdd4a",
      "sha256:dee791c989e12cda1a32cb65081e24d40d727b9b6d99a38750fe6b9478983669",
      "sha256:830e69776e015e8042711d1e3e3f7740bfa923850ae63b8a547aadd2efea22ea",
      "sha256:f4bc72fb618cfcb682c4d8b63cd379daf8f3e75d784778a6b7a511ab786923df",
      "sha256:ff062152908e45fcd5351148f6ba48c144918a7fb362beaed15b1938414d1642",
      "sha256:0fbe5d31f7c3a2b95e9fb94c2f79931259c4c482a1125c8e11ee2f841fc64586",
      "sha256:6756b33668f0c63fd4a4b05ccbbd70e365f5e753b56cf07cc39d564e6e4fdced",
      "sha256:8a361b19cec76210bec9455a221c6107e294f676699aa5c70a8818e92277baef",
      "sha256:d0359053d4f8299509889d6b3632b06bdc11251b93af8aa4385b08f435316439",
      "sha256:4a0d192a34e7ef3e7af039f64dc6426bd0a5a343aae4dd1107b2043a616a77f7",
      "sha256:0ace9823b7ea35adbcce57b5d674dff238650f77639eaaaee67851eee775730b",
      "sha256:83d743618f931726efcbc0244d63467c5563db1ddbc99aa80b23cb4b995adbd5",
      "sha256:4c1d78e0adee1754675d93ffbadc8c9fe205710cb77538b953e57810f9528efc",
      "sha256:3ab1fa00f3d3169d27830db42305eda8aaea0c5705af47ce169c5a50b8b76ee4",
      "sha256:e9e21233023229dfc6ec83dcbf8f95bccd879cbcd3aea755a7a6943412a68cc3",
      "sha256:05ae8f11b8f9012ebebbf179227b010829739c6284e30da5dd3db220ee682f8a",
      "sha256:eda03c0c76118094ae54dfcec024e34b53e523acb5c6889f091a4509471afc04",
      "sha256:9be90e398ed5259bcc090c6fda8d243f9f20eef53fe807be6c1993974ed39b81",
      "sha256:ca23ac5a138e4fb239c1343960465cf5a958cc238516f54be9f1831f3751bd69",
      "sha256:3b98f866c53bcd44f681c15723a07b12b68f655b7966cb5e6135044377b66fdc",
      "sha256:c6dedaaae56dc63d224e1f3ac58e540fb61d2b98da4ad7e53fd98c24d728c7fb",
      "sha256:89fb51cf176e5460f8fdd5076655ee620f76b17da1f7f3a15d12e4bd9778817e",
      "sha256:a7babc9d0698d8c4b963c328a2a2210cf1291915288d2e5f70b465e2cb053bcd",
      "sha256:f1d18b48d56f25e8ca0fb6255fdc26350a4a725ebe97734b9fae8ae490335b50",
      "sha256:619e200081b1724c186b7acca067cd995115843462b6bc4a0e49c2092362b3f0",
      "sha256:acd2c1e4cd9ffe2f6e5d6c31c0b60dcee2afe474c80e232e5293ae2cf741c5fe",
      "sha256:10bf00303354a6c1a32cee02f64c089739f09b0d4889614cc60ac502bd299fe2",
      "sha256:68c331f624cea6c0827a31e96a6dce2e75461227c42da70f11ba765a8c6a8cec",
      "sha256:97691ed534192e0efd34f27bce0e631a83b483db1462f1d62bf827d34244e380",
      "sha256:bdebf1569584106c11e8ab137ddaf2ab10c2b3c1c8f1be0020b5c7dbb2ca2135",
      "sha256:8f7ddf60d19903c99b6e72f7ae52fad7484999e72affc6ff0559b0502ec7dfad",
      "sha256:a46e14f4e6073fb7cf1f139826bf36c93a94a459ef10c103f0b0bf68ef0013b4",
      "sha256:ba131a1fe64e385774df589661c0d165d77a9b4e1ad1bcccff8b0e725cc51ddb",
      "sha256:40d15125863944059941271fc57dcb5cddd84e31263dcc83a32910aa94b60ebd",
      "sha256:00d1ca02192c7efb87da95552ebf247021f1e1d642f86d0a03076314def11529"
    ],
    "removedSignatures": [],
    "workTime": 2623428.5,
    "language": "n/a",
    "locale": "en_US",
    "timezone": "Europe/Prague",
    "branding": [
      "Minecraft 1.7.10",
      "MCP v9.05",
      "FML v7.10.99.99",
      "Minecraft Forge 10.13.4.1614",
      "116 mods loaded, 115 mods active"
    ],
    "runtime": {
      "mcp": "MCP v9.05",
      "fml": "7.10.99.99",
      "forge": "10.13.4.1614"
    },
    "minecraft": "Minecraft 1.7.10",
    "javaVersion": "Oracle Corporation 1.8.0_251",
    "side": "server",
    "obfuscated": true,
    "type": "analytics"
  }
]